0, 1
2, 3, 4, 5, 6, 7, 8
10, 11, 12
13, 14, 15, 16, 17, 18, 19, 20, 21
22, 23, 24, 25
26, 27, 28
29, 30, 31, 32, 33, 34
35, 36, 37
38, 39
40, 41
42, 43, 44, 45
46, 47, 48, 49, 50
51, 52, 53
54, 55, 56, 57, 58
59, 60, 61, 62, 63, 64, 65
66, 67, 68
69, 70, 71
72, 73, 74, 75, 76, 77, 78, 79
80, 81, 82
83, 84, 85, 86, 87
88, 89, 90, 91, 92, 93, 94, 95, 96, 97
98, 99, 100, 101
102, 103, 104, 105, 106
107, 108, 109, 110, 111, 112
113, 114, 115
116, 117, 118, 119
120, 121, 122, 123, 124
125, 126, 127, 128, 129, 130, 131, 132, 133, 134, 135, 136, 137, 138, 139, 140, 141, 142, 143, 144, 145, 146, 147, 148
149, 150, 151, 152, 153
154, 155, 156, 157, 158, 159, 160
161, 162
163, 164
165, 166, 167, 168, 169, 170, 171, 172, 173, 174, 175, 176, 177, 178, 179, 180, 181, 182, 183, 184, 185, 186, 187
188, 189
108, 190
191, 192
193, 11
194, 195, 196, 197
198, 199, 43, 200, 201
56, 202, 203, 204, 205, 54, 57
206, 207, 208, 209, 210, 211, 212, 213, 214, 215
216, 217, 218
219, 220, 221, 222, 223
224, 225, 190, 226
227, 228, 229, 230
231, 232
233, 234, 235, 236, 237
238, 239, 108, 240, 241
242, 55, 243, 244, 245, 246
248, 249, 250, 222
251, 252, 253, 254
255, 256, 257, 258, 259
260, 30, 32
261, 262, 263, 264, 265, 266
267, 268, 269, 270, 271
262, 263, 264, 266
262, 272, 273
274, 275, 276, 277, 278, 279, 280, 281, 282, 283, 284, 285, 286, 287, 288, 289, 290, 291
292, 293, 1, 294, 295
296, 297, 298, 299
296, 300, 301, 302
303, 304, 305
307, 308, 309
310, 311, 312, 313, 314, 232
316, 317, 318, 319, 320
321, 322, 323, 324, 325, 112
321, 43, 326, 112
321, 327, 328, 329
321, 330, 331, 332
150, 152, 153, 333
327, 334, 328, 335
337, 338, 339
340, 341, 342, 78, 343, 65
344, 345
346, 347, 348
349, 350, 351
352, 353, 11
354, 71
355, 356, 110
357, 358, 359, 360, 361, 362
363, 364, 365, 366, 367
347, 346, 348
368, 369, 370
371, 372, 373, 374, 375, 328, 335
371, 376, 377, 374, 335
378, 232
379, 380, 381, 382, 383
384, 385, 386, 387, 388, 389
390, 391, 392, 393
394, 322, 325, 329
395, 396, 10, 11
398, 399
400, 401, 402, 403, 187
404, 405, 230, 406, 407, 408, 409
400, 410, 403, 411, 187
413, 414, 415
416, 417, 418, 419, 420, 421
422, 423, 424, 425
426, 427, 48, 428
429, 430, 431, 432, 433
434, 435, 436, 427, 122, 110, 437
438, 439, 440
441, 442, 443, 444, 445, 446
448, 449, 450, 451, 452, 453, 118, 454
455, 250, 456
457, 458, 459
460, 461, 462, 463, 464
465, 466, 40, 467, 468, 469
470, 471, 472, 473, 474, 475
257, 256, 255, 259
476, 477, 478, 479, 480, 481
483, 484, 485, 486, 487
488, 458, 459
489, 461, 490, 491, 492, 493, 494, 495, 496, 497, 498, 499, 500, 501, 502, 460, 503, 504, 505
506, 507, 508, 270, 271
509, 510, 511, 447, 512
513, 514, 515, 100
516, 517, 518, 519, 520
521, 522, 523, 270
524, 525, 526, 527, 72
528, 529, 530, 262
531, 532, 533, 534, 535, 536, 320
537, 538, 539, 540, 541, 55
542, 508, 270, 271
543, 544
6, 7
545, 546, 547
548, 549, 550, 25, 551, 552, 553, 554
555, 556, 557
559, 560, 561, 562, 563, 564
565, 566, 567, 568
569, 570, 313, 571, 572
573, 574, 575, 576, 577, 578, 579, 580, 581, 582, 583
584, 585, 321, 329
584, 586, 218, 329
587, 588, 589, 590, 591, 592, 593, 594, 595, 596, 597
333, 199, 598, 261, 152
599, 600, 601, 602, 603, 604
605, 606, 269, 271
607, 608
609, 610, 611, 112
612, 613, 614
615, 616
615, 617, 618, 616
620, 621, 55, 162
4, 622, 2, 3, 6, 7
623, 624, 115
625, 626, 627, 628
630, 631, 369, 632, 633, 634, 635
636, 637, 638, 639
640, 641, 320
642, 643, 644, 645
646, 647
648, 649, 650, 40, 651
652, 653, 654, 655, 230, 656
657, 658, 659, 660, 661, 662, 663
664, 231, 232
665, 666, 667, 668
669, 670, 671, 672, 673, 674, 675, 676, 677
679, 343, 680, 681, 682, 40, 341, 65
683, 684, 685, 686, 687
688, 689, 690, 691, 692, 693, 694, 695, 696, 697, 698, 699
700, 701, 702, 703, 704
705, 706, 707, 708, 709
710, 123, 12, 124
711, 712, 713, 295
714, 715, 33, 31, 716, 717
718, 719, 720, 721, 722
723, 724, 246
725, 726
727, 728, 729
730, 731, 732, 733, 734, 735
658, 736, 737, 738, 739, 740, 657, 663, 741
743, 744, 745, 78, 746, 611
747, 748, 749
751, 752, 753
754, 755, 222, 756
757, 758, 545
759, 760, 761, 762, 763, 764, 765, 40, 766, 2, 767, 208
768, 769, 770, 771, 772, 773
774, 775, 776, 777, 70, 73
778, 779, 780, 781
782, 783, 48, 784, 785
786, 787, 788
789, 114, 115
792, 793, 794, 795
796, 797, 108, 798, 190, 419
799, 800, 459
801, 461, 502, 494, 802
803, 804, 805, 806, 807, 808, 229, 809, 230
810, 682, 811, 40
812, 813, 814, 815, 816, 817
818, 819, 820, 520
821, 563, 822, 823, 824, 825, 826, 827, 828, 829
830, 831, 832, 833, 230, 320
834, 39, 38, 835
836, 837, 838, 839, 840, 841, 320
842, 306
835, 39, 843, 844, 834
586, 584, 218, 329
728, 845, 729
846, 847, 848
35, 851, 852, 36
35, 563, 853
854, 855, 856, 857, 656
858, 847, 859
860, 861, 862, 863, 574
80, 81, 82
864, 72, 865, 162, 866, 867
868, 869, 870, 871
198, 201, 199, 43, 121
682, 680, 343, 649
224, 225, 190, 226, 511
224, 874, 875, 225, 226
876, 322, 877, 878, 879, 880, 881, 882, 883
884, 885, 886, 887, 888
889, 890
891, 0, 1
744, 611, 892
109, 893, 894, 895, 896, 897, 635
898, 748, 369, 899
901, 902, 903, 904, 905, 906, 907, 709
337, 338, 339
908, 909
851, 910, 911, 704
384, 912, 913, 914, 915, 387, 385, 916
917, 918, 864
622, 678
919, 920, 921, 922, 923, 924, 925, 926, 541
927, 928, 929, 930
931, 932, 899
934, 935, 936
937, 152, 598
938, 757
939, 940, 941
942, 943, 944, 271
192, 945
946, 334, 327, 328, 335
947, 948, 412, 232
70, 949, 328
950, 951, 547
952, 953, 954, 955, 956, 957, 829, 958, 959, 960, 961, 962, 963, 964, 965, 966, 967
968, 969
970, 820
971, 972, 973, 974, 975, 564, 976, 977, 978, 979, 980
981, 982, 983
145, 984, 129, 985, 986, 987, 200, 614, 140, 988
415, 989, 990, 991, 208
992, 993, 994, 995
894, 996, 997
998, 13
999, 239, 108, 1000
1001, 337, 1002, 1003, 1004, 1005, 1006
757, 1007, 1008
1009, 341, 680, 78, 342, 343, 65
1010, 71, 950, 329
1011, 1012, 1013, 1014, 1015, 1016, 1017, 1018
618, 615, 616
980, 1020, 1021, 976, 1022, 1023, 1024, 1025, 1026, 1027, 1028, 1029, 1030, 563, 1031, 1032, 1033, 1034, 1035, 1036, 1037, 1038, 1039, 1040, 1041, 1042, 828, 1043, 515, 1044, 560, 562, 1045, 1046, 1047, 1048, 1049, 867
1050, 140, 1051, 107
